{
  "rounds": [
    1,
    2,
    3
  ],
  "loss": [
    1.2217875828771212,
    1.0413876787847918,
    0.9319549950686206
  ],
  "accuracy": [
    0.1103,
    0.1014,
    0.1029
  ],
  "client_times": [
    0.0,
    0.0,
    0.0
  ],
  "server_times": [
    0.0,
    0.0,
    0.0
  ],
  "total_times": [
    14.394297361373901,
    13.856430768966675,
    13.934285640716553
  ]
}